# MarsWorm | V5 A plant on open Mars | Exp 2 | Can a plant dry out and revive, night after night?
# Sheet: cycles.csv | blank, to be filled in by hand at the bench | every column is defined in the codebook for this experiment
tray_id,cycle,day,date,dry_mass_g,rewet_minutes,notes
T01,1,1,,,,
T01,2,2,,,,
T01,3,3,,,,
T01,4,4,,,,
T01,5,5,,,,
T01,6,6,,,,
T01,7,7,,,,
T01,8,8,,,,
T01,9,9,,,,
T01,10,10,,,,
T01,11,11,,,,
T01,12,12,,,,
T01,13,13,,,,
T01,14,14,,,,
T01,15,15,,,,
T01,16,16,,,,
T01,17,17,,,,
T01,18,18,,,,
T01,19,19,,,,
T01,20,20,,,,
T01,21,21,,,,
T01,22,22,,,,
T01,23,23,,,,
T01,24,24,,,,
T01,25,25,,,,
T01,26,26,,,,
T01,27,27,,,,
T01,28,28,,,,
T01,29,29,,,,
T01,30,30,,,,
T01,31,31,,,,
T01,32,32,,,,
T01,33,33,,,,
T01,34,34,,,,
T01,35,35,,,,
T01,36,36,,,,
T01,37,37,,,,
T01,38,38,,,,
T01,39,39,,,,
T01,40,40,,,,
T01,41,41,,,,
T01,42,42,,,,
T01,43,43,,,,
T01,44,44,,,,
T01,45,45,,,,
T01,46,46,,,,
T01,47,47,,,,
T01,48,48,,,,
T01,49,49,,,,
T01,50,50,,,,
T01,51,51,,,,
T01,52,52,,,,
T01,53,53,,,,
T01,54,54,,,,
T01,55,55,,,,
T01,56,56,,,,
T01,57,57,,,,
T01,58,58,,,,
T01,59,59,,,,
T01,60,60,,,,
T01,61,61,,,,
T01,62,62,,,,
T01,63,63,,,,
T01,64,64,,,,
T01,65,65,,,,
T01,66,66,,,,
T01,67,67,,,,
T01,68,68,,,,
T01,69,69,,,,
T01,70,70,,,,
T01,71,71,,,,
T01,72,72,,,,
T01,73,73,,,,
T01,74,74,,,,
T01,75,75,,,,
T01,76,76,,,,
T01,77,77,,,,
T01,78,78,,,,
T01,79,79,,,,
T01,80,80,,,,
T01,81,81,,,,
T01,82,82,,,,
T01,83,83,,,,
T01,84,84,,,,
T01,85,85,,,,
T01,86,86,,,,
T01,87,87,,,,
T01,88,88,,,,
T01,89,89,,,,
T01,90,90,,,,
T01,91,91,,,,
T01,92,92,,,,
T01,93,93,,,,
T01,94,94,,,,
T01,95,95,,,,
T01,96,96,,,,
T01,97,97,,,,
T01,98,98,,,,
T01,99,99,,,,
T01,100,100,,,,
T01,101,101,,,,
T01,102,102,,,,
T01,103,103,,,,
T01,104,104,,,,
T01,105,105,,,,
T01,106,106,,,,
T01,107,107,,,,
T01,108,108,,,,
T01,109,109,,,,
T01,110,110,,,,
T01,111,111,,,,
T01,112,112,,,,
T01,113,113,,,,
T01,114,114,,,,
T01,115,115,,,,
T01,116,116,,,,
T01,117,117,,,,
T01,118,118,,,,
T01,119,119,,,,
T01,120,120,,,,
T01,121,121,,,,
T01,122,122,,,,
T01,123,123,,,,
T01,124,124,,,,
T01,125,125,,,,
T01,126,126,,,,
T01,127,127,,,,
T01,128,128,,,,
T01,129,129,,,,
T01,130,130,,,,
T01,131,131,,,,
T01,132,132,,,,
T01,133,133,,,,
T01,134,134,,,,
T01,135,135,,,,
T01,136,136,,,,
T01,137,137,,,,
T01,138,138,,,,
T01,139,139,,,,
T01,140,140,,,,
T01,141,141,,,,
T01,142,142,,,,
T01,143,143,,,,
T01,144,144,,,,
T01,145,145,,,,
T01,146,146,,,,
T01,147,147,,,,
T01,148,148,,,,
T01,149,149,,,,
T01,150,150,,,,
T01,151,151,,,,
T01,152,152,,,,
T01,153,153,,,,
T01,154,154,,,,
T01,155,155,,,,
T01,156,156,,,,
T01,157,157,,,,
T01,158,158,,,,
T01,159,159,,,,
T01,160,160,,,,
T01,161,161,,,,
T01,162,162,,,,
T01,163,163,,,,
T01,164,164,,,,
T01,165,165,,,,
T01,166,166,,,,
T01,167,167,,,,
T01,168,168,,,,
T01,169,169,,,,
T01,170,170,,,,
T01,171,171,,,,
T01,172,172,,,,
T01,173,173,,,,
T01,174,174,,,,
T01,175,175,,,,
T01,176,176,,,,
T01,177,177,,,,
T01,178,178,,,,
T01,179,179,,,,
T01,180,180,,,,
T01,181,181,,,,
T01,182,182,,,,
T01,183,183,,,,
T01,184,184,,,,
T01,185,185,,,,
T01,186,186,,,,
T01,187,187,,,,
T01,188,188,,,,
T01,189,189,,,,
T01,190,190,,,,
T01,191,191,,,,
T01,192,192,,,,
T01,193,193,,,,
T01,194,194,,,,
T01,195,195,,,,
T01,196,196,,,,
T01,197,197,,,,
T01,198,198,,,,
T01,199,199,,,,
T01,200,200,,,,
T01,201,201,,,,
T01,202,202,,,,
T01,203,203,,,,
T01,204,204,,,,
T01,205,205,,,,
T01,206,206,,,,
T01,207,207,,,,
T01,208,208,,,,
T01,209,209,,,,
T01,210,210,,,,
T01,211,211,,,,
T01,212,212,,,,
T01,213,213,,,,
T01,214,214,,,,
T01,215,215,,,,
T01,216,216,,,,
T01,217,217,,,,
T01,218,218,,,,
T01,219,219,,,,
T01,220,220,,,,
T01,221,221,,,,
T01,222,222,,,,
T01,223,223,,,,
T01,224,224,,,,
T01,225,225,,,,
T01,226,226,,,,
T01,227,227,,,,
T01,228,228,,,,
T01,229,229,,,,
T01,230,230,,,,
T01,231,231,,,,
T01,232,232,,,,
T01,233,233,,,,
T01,234,234,,,,
T01,235,235,,,,
T01,236,236,,,,
T01,237,237,,,,
T01,238,238,,,,
T01,239,239,,,,
T01,240,240,,,,
T01,241,241,,,,
T01,242,242,,,,
T01,243,243,,,,
T01,244,244,,,,
T01,245,245,,,,
T01,246,246,,,,
T01,247,247,,,,
T01,248,248,,,,
T01,249,249,,,,
T01,250,250,,,,
T01,251,251,,,,
T01,252,252,,,,
T01,253,253,,,,
T01,254,254,,,,
T01,255,255,,,,
T01,256,256,,,,
T01,257,257,,,,
T01,258,258,,,,
T01,259,259,,,,
T01,260,260,,,,
T01,261,261,,,,
T01,262,262,,,,
T01,263,263,,,,
T01,264,264,,,,
T01,265,265,,,,
T01,266,266,,,,
T01,267,267,,,,
T01,268,268,,,,
T01,269,269,,,,
T01,270,270,,,,
T01,271,271,,,,
T01,272,272,,,,
T01,273,273,,,,
T01,274,274,,,,
T01,275,275,,,,
T01,276,276,,,,
T01,277,277,,,,
T01,278,278,,,,
T01,279,279,,,,
T01,280,280,,,,
T01,281,281,,,,
T01,282,282,,,,
T01,283,283,,,,
T01,284,284,,,,
T01,285,285,,,,
T01,286,286,,,,
T01,287,287,,,,
T01,288,288,,,,
T01,289,289,,,,
T01,290,290,,,,
T01,291,291,,,,
T01,292,292,,,,
T01,293,293,,,,
T01,294,294,,,,
T01,295,295,,,,
T01,296,296,,,,
T01,297,297,,,,
T01,298,298,,,,
T01,299,299,,,,
T01,300,300,,,,
T01,301,301,,,,
T01,302,302,,,,
T01,303,303,,,,
T01,304,304,,,,
T01,305,305,,,,
T01,306,306,,,,
T01,307,307,,,,
T01,308,308,,,,
T01,309,309,,,,
T01,310,310,,,,
T01,311,311,,,,
T01,312,312,,,,
T01,313,313,,,,
T01,314,314,,,,
T01,315,315,,,,
T01,316,316,,,,
T01,317,317,,,,
T01,318,318,,,,
T01,319,319,,,,
T01,320,320,,,,
T01,321,321,,,,
T01,322,322,,,,
T01,323,323,,,,
T01,324,324,,,,
T01,325,325,,,,
T01,326,326,,,,
T01,327,327,,,,
T01,328,328,,,,
T01,329,329,,,,
T01,330,330,,,,
T01,331,331,,,,
T01,332,332,,,,
T01,333,333,,,,
T01,334,334,,,,
T01,335,335,,,,
T01,336,336,,,,
T01,337,337,,,,
T01,338,338,,,,
T01,339,339,,,,
T01,340,340,,,,
T01,341,341,,,,
T01,342,342,,,,
T01,343,343,,,,
T01,344,344,,,,
T01,345,345,,,,
T01,346,346,,,,
T01,347,347,,,,
T01,348,348,,,,
T01,349,349,,,,
T01,350,350,,,,
T01,351,351,,,,
T01,352,352,,,,
T01,353,353,,,,
T01,354,354,,,,
T01,355,355,,,,
T01,356,356,,,,
T01,357,357,,,,
T01,358,358,,,,
T01,359,359,,,,
T01,360,360,,,,
T01,361,361,,,,
T01,362,362,,,,
T01,363,363,,,,
T01,364,364,,,,
T01,365,365,,,,
T02,1,1,,,,
T02,2,2,,,,
T02,3,3,,,,
T02,4,4,,,,
T02,5,5,,,,
T02,6,6,,,,
T02,7,7,,,,
T02,8,8,,,,
T02,9,9,,,,
T02,10,10,,,,
T02,11,11,,,,
T02,12,12,,,,
T02,13,13,,,,
T02,14,14,,,,
T02,15,15,,,,
T02,16,16,,,,
T02,17,17,,,,
T02,18,18,,,,
T02,19,19,,,,
T02,20,20,,,,
T02,21,21,,,,
T02,22,22,,,,
T02,23,23,,,,
T02,24,24,,,,
T02,25,25,,,,
T02,26,26,,,,
T02,27,27,,,,
T02,28,28,,,,
T02,29,29,,,,
T02,30,30,,,,
T02,31,31,,,,
T02,32,32,,,,
T02,33,33,,,,
T02,34,34,,,,
T02,35,35,,,,
T02,36,36,,,,
T02,37,37,,,,
T02,38,38,,,,
T02,39,39,,,,
T02,40,40,,,,
T02,41,41,,,,
T02,42,42,,,,
T02,43,43,,,,
T02,44,44,,,,
T02,45,45,,,,
T02,46,46,,,,
T02,47,47,,,,
T02,48,48,,,,
T02,49,49,,,,
T02,50,50,,,,
T02,51,51,,,,
T02,52,52,,,,
T02,53,53,,,,
T02,54,54,,,,
T02,55,55,,,,
T02,56,56,,,,
T02,57,57,,,,
T02,58,58,,,,
T02,59,59,,,,
T02,60,60,,,,
T02,61,61,,,,
T02,62,62,,,,
T02,63,63,,,,
T02,64,64,,,,
T02,65,65,,,,
T02,66,66,,,,
T02,67,67,,,,
T02,68,68,,,,
T02,69,69,,,,
T02,70,70,,,,
T02,71,71,,,,
T02,72,72,,,,
T02,73,73,,,,
T02,74,74,,,,
T02,75,75,,,,
T02,76,76,,,,
T02,77,77,,,,
T02,78,78,,,,
T02,79,79,,,,
T02,80,80,,,,
T02,81,81,,,,
T02,82,82,,,,
T02,83,83,,,,
T02,84,84,,,,
T02,85,85,,,,
T02,86,86,,,,
T02,87,87,,,,
T02,88,88,,,,
T02,89,89,,,,
T02,90,90,,,,
T02,91,91,,,,
T02,92,92,,,,
T02,93,93,,,,
T02,94,94,,,,
T02,95,95,,,,
T02,96,96,,,,
T02,97,97,,,,
T02,98,98,,,,
T02,99,99,,,,
T02,100,100,,,,
T02,101,101,,,,
T02,102,102,,,,
T02,103,103,,,,
T02,104,104,,,,
T02,105,105,,,,
T02,106,106,,,,
T02,107,107,,,,
T02,108,108,,,,
T02,109,109,,,,
T02,110,110,,,,
T02,111,111,,,,
T02,112,112,,,,
T02,113,113,,,,
T02,114,114,,,,
T02,115,115,,,,
T02,116,116,,,,
T02,117,117,,,,
T02,118,118,,,,
T02,119,119,,,,
T02,120,120,,,,
T02,121,121,,,,
T02,122,122,,,,
T02,123,123,,,,
T02,124,124,,,,
T02,125,125,,,,
T02,126,126,,,,
T02,127,127,,,,
T02,128,128,,,,
T02,129,129,,,,
T02,130,130,,,,
T02,131,131,,,,
T02,132,132,,,,
T02,133,133,,,,
T02,134,134,,,,
T02,135,135,,,,
T02,136,136,,,,
T02,137,137,,,,
T02,138,138,,,,
T02,139,139,,,,
T02,140,140,,,,
T02,141,141,,,,
T02,142,142,,,,
T02,143,143,,,,
T02,144,144,,,,
T02,145,145,,,,
T02,146,146,,,,
T02,147,147,,,,
T02,148,148,,,,
T02,149,149,,,,
T02,150,150,,,,
T02,151,151,,,,
T02,152,152,,,,
T02,153,153,,,,
T02,154,154,,,,
T02,155,155,,,,
T02,156,156,,,,
T02,157,157,,,,
T02,158,158,,,,
T02,159,159,,,,
T02,160,160,,,,
T02,161,161,,,,
T02,162,162,,,,
T02,163,163,,,,
T02,164,164,,,,
T02,165,165,,,,
T02,166,166,,,,
T02,167,167,,,,
T02,168,168,,,,
T02,169,169,,,,
T02,170,170,,,,
T02,171,171,,,,
T02,172,172,,,,
T02,173,173,,,,
T02,174,174,,,,
T02,175,175,,,,
T02,176,176,,,,
T02,177,177,,,,
T02,178,178,,,,
T02,179,179,,,,
T02,180,180,,,,
T02,181,181,,,,
T02,182,182,,,,
T02,183,183,,,,
T02,184,184,,,,
T02,185,185,,,,
T02,186,186,,,,
T02,187,187,,,,
T02,188,188,,,,
T02,189,189,,,,
T02,190,190,,,,
T02,191,191,,,,
T02,192,192,,,,
T02,193,193,,,,
T02,194,194,,,,
T02,195,195,,,,
T02,196,196,,,,
T02,197,197,,,,
T02,198,198,,,,
T02,199,199,,,,
T02,200,200,,,,
T02,201,201,,,,
T02,202,202,,,,
T02,203,203,,,,
T02,204,204,,,,
T02,205,205,,,,
T02,206,206,,,,
T02,207,207,,,,
T02,208,208,,,,
T02,209,209,,,,
T02,210,210,,,,
T02,211,211,,,,
T02,212,212,,,,
T02,213,213,,,,
T02,214,214,,,,
T02,215,215,,,,
T02,216,216,,,,
T02,217,217,,,,
T02,218,218,,,,
T02,219,219,,,,
T02,220,220,,,,
T02,221,221,,,,
T02,222,222,,,,
T02,223,223,,,,
T02,224,224,,,,
T02,225,225,,,,
T02,226,226,,,,
T02,227,227,,,,
T02,228,228,,,,
T02,229,229,,,,
T02,230,230,,,,
T02,231,231,,,,
T02,232,232,,,,
T02,233,233,,,,
T02,234,234,,,,
T02,235,235,,,,
T02,236,236,,,,
T02,237,237,,,,
T02,238,238,,,,
T02,239,239,,,,
T02,240,240,,,,
T02,241,241,,,,
T02,242,242,,,,
T02,243,243,,,,
T02,244,244,,,,
T02,245,245,,,,
T02,246,246,,,,
T02,247,247,,,,
T02,248,248,,,,
T02,249,249,,,,
T02,250,250,,,,
T02,251,251,,,,
T02,252,252,,,,
T02,253,253,,,,
T02,254,254,,,,
T02,255,255,,,,
T02,256,256,,,,
T02,257,257,,,,
T02,258,258,,,,
T02,259,259,,,,
T02,260,260,,,,
T02,261,261,,,,
T02,262,262,,,,
T02,263,263,,,,
T02,264,264,,,,
T02,265,265,,,,
T02,266,266,,,,
T02,267,267,,,,
T02,268,268,,,,
T02,269,269,,,,
T02,270,270,,,,
T02,271,271,,,,
T02,272,272,,,,
T02,273,273,,,,
T02,274,274,,,,
T02,275,275,,,,
T02,276,276,,,,
T02,277,277,,,,
T02,278,278,,,,
T02,279,279,,,,
T02,280,280,,,,
T02,281,281,,,,
T02,282,282,,,,
T02,283,283,,,,
T02,284,284,,,,
T02,285,285,,,,
T02,286,286,,,,
T02,287,287,,,,
T02,288,288,,,,
T02,289,289,,,,
T02,290,290,,,,
T02,291,291,,,,
T02,292,292,,,,
T02,293,293,,,,
T02,294,294,,,,
T02,295,295,,,,
T02,296,296,,,,
T02,297,297,,,,
T02,298,298,,,,
T02,299,299,,,,
T02,300,300,,,,
T02,301,301,,,,
T02,302,302,,,,
T02,303,303,,,,
T02,304,304,,,,
T02,305,305,,,,
T02,306,306,,,,
T02,307,307,,,,
T02,308,308,,,,
T02,309,309,,,,
T02,310,310,,,,
T02,311,311,,,,
T02,312,312,,,,
T02,313,313,,,,
T02,314,314,,,,
T02,315,315,,,,
T02,316,316,,,,
T02,317,317,,,,
T02,318,318,,,,
T02,319,319,,,,
T02,320,320,,,,
T02,321,321,,,,
T02,322,322,,,,
T02,323,323,,,,
T02,324,324,,,,
T02,325,325,,,,
T02,326,326,,,,
T02,327,327,,,,
T02,328,328,,,,
T02,329,329,,,,
T02,330,330,,,,
T02,331,331,,,,
T02,332,332,,,,
T02,333,333,,,,
T02,334,334,,,,
T02,335,335,,,,
T02,336,336,,,,
T02,337,337,,,,
T02,338,338,,,,
T02,339,339,,,,
T02,340,340,,,,
T02,341,341,,,,
T02,342,342,,,,
T02,343,343,,,,
T02,344,344,,,,
T02,345,345,,,,
T02,346,346,,,,
T02,347,347,,,,
T02,348,348,,,,
T02,349,349,,,,
T02,350,350,,,,
T02,351,351,,,,
T02,352,352,,,,
T02,353,353,,,,
T02,354,354,,,,
T02,355,355,,,,
T02,356,356,,,,
T02,357,357,,,,
T02,358,358,,,,
T02,359,359,,,,
T02,360,360,,,,
T02,361,361,,,,
T02,362,362,,,,
T02,363,363,,,,
T02,364,364,,,,
T02,365,365,,,,
T03,1,1,,,,
T03,2,2,,,,
T03,3,3,,,,
T03,4,4,,,,
T03,5,5,,,,
T03,6,6,,,,
T03,7,7,,,,
T03,8,8,,,,
T03,9,9,,,,
T03,10,10,,,,
T03,11,11,,,,
T03,12,12,,,,
T03,13,13,,,,
T03,14,14,,,,
T03,15,15,,,,
T03,16,16,,,,
T03,17,17,,,,
T03,18,18,,,,
T03,19,19,,,,
T03,20,20,,,,
T03,21,21,,,,
T03,22,22,,,,
T03,23,23,,,,
T03,24,24,,,,
T03,25,25,,,,
T03,26,26,,,,
T03,27,27,,,,
T03,28,28,,,,
T03,29,29,,,,
T03,30,30,,,,
T03,31,31,,,,
T03,32,32,,,,
T03,33,33,,,,
T03,34,34,,,,
T03,35,35,,,,
T03,36,36,,,,
T03,37,37,,,,
T03,38,38,,,,
T03,39,39,,,,
T03,40,40,,,,
T03,41,41,,,,
T03,42,42,,,,
T03,43,43,,,,
T03,44,44,,,,
T03,45,45,,,,
T03,46,46,,,,
T03,47,47,,,,
T03,48,48,,,,
T03,49,49,,,,
T03,50,50,,,,
T03,51,51,,,,
T03,52,52,,,,
T03,53,53,,,,
T03,54,54,,,,
T03,55,55,,,,
T03,56,56,,,,
T03,57,57,,,,
T03,58,58,,,,
T03,59,59,,,,
T03,60,60,,,,
T03,61,61,,,,
T03,62,62,,,,
T03,63,63,,,,
T03,64,64,,,,
T03,65,65,,,,
T03,66,66,,,,
T03,67,67,,,,
T03,68,68,,,,
T03,69,69,,,,
T03,70,70,,,,
T03,71,71,,,,
T03,72,72,,,,
T03,73,73,,,,
T03,74,74,,,,
T03,75,75,,,,
T03,76,76,,,,
T03,77,77,,,,
T03,78,78,,,,
T03,79,79,,,,
T03,80,80,,,,
T03,81,81,,,,
T03,82,82,,,,
T03,83,83,,,,
T03,84,84,,,,
T03,85,85,,,,
T03,86,86,,,,
T03,87,87,,,,
T03,88,88,,,,
T03,89,89,,,,
T03,90,90,,,,
T03,91,91,,,,
T03,92,92,,,,
T03,93,93,,,,
T03,94,94,,,,
T03,95,95,,,,
T03,96,96,,,,
T03,97,97,,,,
T03,98,98,,,,
T03,99,99,,,,
T03,100,100,,,,
T03,101,101,,,,
T03,102,102,,,,
T03,103,103,,,,
T03,104,104,,,,
T03,105,105,,,,
T03,106,106,,,,
T03,107,107,,,,
T03,108,108,,,,
T03,109,109,,,,
T03,110,110,,,,
T03,111,111,,,,
T03,112,112,,,,
T03,113,113,,,,
T03,114,114,,,,
T03,115,115,,,,
T03,116,116,,,,
T03,117,117,,,,
T03,118,118,,,,
T03,119,119,,,,
T03,120,120,,,,
T03,121,121,,,,
T03,122,122,,,,
T03,123,123,,,,
T03,124,124,,,,
T03,125,125,,,,
T03,126,126,,,,
T03,127,127,,,,
T03,128,128,,,,
T03,129,129,,,,
T03,130,130,,,,
T03,131,131,,,,
T03,132,132,,,,
T03,133,133,,,,
T03,134,134,,,,
T03,135,135,,,,
T03,136,136,,,,
T03,137,137,,,,
T03,138,138,,,,
T03,139,139,,,,
T03,140,140,,,,
T03,141,141,,,,
T03,142,142,,,,
T03,143,143,,,,
T03,144,144,,,,
T03,145,145,,,,
T03,146,146,,,,
T03,147,147,,,,
T03,148,148,,,,
T03,149,149,,,,
T03,150,150,,,,
T03,151,151,,,,
T03,152,152,,,,
T03,153,153,,,,
T03,154,154,,,,
T03,155,155,,,,
T03,156,156,,,,
T03,157,157,,,,
T03,158,158,,,,
T03,159,159,,,,
T03,160,160,,,,
T03,161,161,,,,
T03,162,162,,,,
T03,163,163,,,,
T03,164,164,,,,
T03,165,165,,,,
T03,166,166,,,,
T03,167,167,,,,
T03,168,168,,,,
T03,169,169,,,,
T03,170,170,,,,
T03,171,171,,,,
T03,172,172,,,,
T03,173,173,,,,
T03,174,174,,,,
T03,175,175,,,,
T03,176,176,,,,
T03,177,177,,,,
T03,178,178,,,,
T03,179,179,,,,
T03,180,180,,,,
T03,181,181,,,,
T03,182,182,,,,
T03,183,183,,,,
T03,184,184,,,,
T03,185,185,,,,
T03,186,186,,,,
T03,187,187,,,,
T03,188,188,,,,
T03,189,189,,,,
T03,190,190,,,,
T03,191,191,,,,
T03,192,192,,,,
T03,193,193,,,,
T03,194,194,,,,
T03,195,195,,,,
T03,196,196,,,,
T03,197,197,,,,
T03,198,198,,,,
T03,199,199,,,,
T03,200,200,,,,
T03,201,201,,,,
T03,202,202,,,,
T03,203,203,,,,
T03,204,204,,,,
T03,205,205,,,,
T03,206,206,,,,
T03,207,207,,,,
T03,208,208,,,,
T03,209,209,,,,
T03,210,210,,,,
T03,211,211,,,,
T03,212,212,,,,
T03,213,213,,,,
T03,214,214,,,,
T03,215,215,,,,
T03,216,216,,,,
T03,217,217,,,,
T03,218,218,,,,
T03,219,219,,,,
T03,220,220,,,,
T03,221,221,,,,
T03,222,222,,,,
T03,223,223,,,,
T03,224,224,,,,
T03,225,225,,,,
T03,226,226,,,,
T03,227,227,,,,
T03,228,228,,,,
T03,229,229,,,,
T03,230,230,,,,
T03,231,231,,,,
T03,232,232,,,,
T03,233,233,,,,
T03,234,234,,,,
T03,235,235,,,,
T03,236,236,,,,
T03,237,237,,,,
T03,238,238,,,,
T03,239,239,,,,
T03,240,240,,,,
T03,241,241,,,,
T03,242,242,,,,
T03,243,243,,,,
T03,244,244,,,,
T03,245,245,,,,
T03,246,246,,,,
T03,247,247,,,,
T03,248,248,,,,
T03,249,249,,,,
T03,250,250,,,,
T03,251,251,,,,
T03,252,252,,,,
T03,253,253,,,,
T03,254,254,,,,
T03,255,255,,,,
T03,256,256,,,,
T03,257,257,,,,
T03,258,258,,,,
T03,259,259,,,,
T03,260,260,,,,
T03,261,261,,,,
T03,262,262,,,,
T03,263,263,,,,
T03,264,264,,,,
T03,265,265,,,,
T03,266,266,,,,
T03,267,267,,,,
T03,268,268,,,,
T03,269,269,,,,
T03,270,270,,,,
T03,271,271,,,,
T03,272,272,,,,
T03,273,273,,,,
T03,274,274,,,,
T03,275,275,,,,
T03,276,276,,,,
T03,277,277,,,,
T03,278,278,,,,
T03,279,279,,,,
T03,280,280,,,,
T03,281,281,,,,
T03,282,282,,,,
T03,283,283,,,,
T03,284,284,,,,
T03,285,285,,,,
T03,286,286,,,,
T03,287,287,,,,
T03,288,288,,,,
T03,289,289,,,,
T03,290,290,,,,
T03,291,291,,,,
T03,292,292,,,,
T03,293,293,,,,
T03,294,294,,,,
T03,295,295,,,,
T03,296,296,,,,
T03,297,297,,,,
T03,298,298,,,,
T03,299,299,,,,
T03,300,300,,,,
T03,301,301,,,,
T03,302,302,,,,
T03,303,303,,,,
T03,304,304,,,,
T03,305,305,,,,
T03,306,306,,,,
T03,307,307,,,,
T03,308,308,,,,
T03,309,309,,,,
T03,310,310,,,,
T03,311,311,,,,
T03,312,312,,,,
T03,313,313,,,,
T03,314,314,,,,
T03,315,315,,,,
T03,316,316,,,,
T03,317,317,,,,
T03,318,318,,,,
T03,319,319,,,,
T03,320,320,,,,
T03,321,321,,,,
T03,322,322,,,,
T03,323,323,,,,
T03,324,324,,,,
T03,325,325,,,,
T03,326,326,,,,
T03,327,327,,,,
T03,328,328,,,,
T03,329,329,,,,
T03,330,330,,,,
T03,331,331,,,,
T03,332,332,,,,
T03,333,333,,,,
T03,334,334,,,,
T03,335,335,,,,
T03,336,336,,,,
T03,337,337,,,,
T03,338,338,,,,
T03,339,339,,,,
T03,340,340,,,,
T03,341,341,,,,
T03,342,342,,,,
T03,343,343,,,,
T03,344,344,,,,
T03,345,345,,,,
T03,346,346,,,,
T03,347,347,,,,
T03,348,348,,,,
T03,349,349,,,,
T03,350,350,,,,
T03,351,351,,,,
T03,352,352,,,,
T03,353,353,,,,
T03,354,354,,,,
T03,355,355,,,,
T03,356,356,,,,
T03,357,357,,,,
T03,358,358,,,,
T03,359,359,,,,
T03,360,360,,,,
T03,361,361,,,,
T03,362,362,,,,
T03,363,363,,,,
T03,364,364,,,,
T03,365,365,,,,
T04,1,1,,,,
T04,2,2,,,,
T04,3,3,,,,
T04,4,4,,,,
T04,5,5,,,,
T04,6,6,,,,
T04,7,7,,,,
T04,8,8,,,,
T04,9,9,,,,
T04,10,10,,,,
T04,11,11,,,,
T04,12,12,,,,
T04,13,13,,,,
T04,14,14,,,,
T04,15,15,,,,
T04,16,16,,,,
T04,17,17,,,,
T04,18,18,,,,
T04,19,19,,,,
T04,20,20,,,,
T04,21,21,,,,
T04,22,22,,,,
T04,23,23,,,,
T04,24,24,,,,
T04,25,25,,,,
T04,26,26,,,,
T04,27,27,,,,
T04,28,28,,,,
T04,29,29,,,,
T04,30,30,,,,
T04,31,31,,,,
T04,32,32,,,,
T04,33,33,,,,
T04,34,34,,,,
T04,35,35,,,,
T04,36,36,,,,
T04,37,37,,,,
T04,38,38,,,,
T04,39,39,,,,
T04,40,40,,,,
T04,41,41,,,,
T04,42,42,,,,
T04,43,43,,,,
T04,44,44,,,,
T04,45,45,,,,
T04,46,46,,,,
T04,47,47,,,,
T04,48,48,,,,
T04,49,49,,,,
T04,50,50,,,,
T04,51,51,,,,
T04,52,52,,,,
T04,53,53,,,,
T04,54,54,,,,
T04,55,55,,,,
T04,56,56,,,,
T04,57,57,,,,
T04,58,58,,,,
T04,59,59,,,,
T04,60,60,,,,
T04,61,61,,,,
T04,62,62,,,,
T04,63,63,,,,
T04,64,64,,,,
T04,65,65,,,,
T04,66,66,,,,
T04,67,67,,,,
T04,68,68,,,,
T04,69,69,,,,
T04,70,70,,,,
T04,71,71,,,,
T04,72,72,,,,
T04,73,73,,,,
T04,74,74,,,,
T04,75,75,,,,
T04,76,76,,,,
T04,77,77,,,,
T04,78,78,,,,
T04,79,79,,,,
T04,80,80,,,,
T04,81,81,,,,
T04,82,82,,,,
T04,83,83,,,,
T04,84,84,,,,
T04,85,85,,,,
T04,86,86,,,,
T04,87,87,,,,
T04,88,88,,,,
T04,89,89,,,,
T04,90,90,,,,
T04,91,91,,,,
T04,92,92,,,,
T04,93,93,,,,
T04,94,94,,,,
T04,95,95,,,,
T04,96,96,,,,
T04,97,97,,,,
T04,98,98,,,,
T04,99,99,,,,
T04,100,100,,,,
T04,101,101,,,,
T04,102,102,,,,
T04,103,103,,,,
T04,104,104,,,,
T04,105,105,,,,
T04,106,106,,,,
T04,107,107,,,,
T04,108,108,,,,
T04,109,109,,,,
T04,110,110,,,,
T04,111,111,,,,
T04,112,112,,,,
T04,113,113,,,,
T04,114,114,,,,
T04,115,115,,,,
T04,116,116,,,,
T04,117,117,,,,
T04,118,118,,,,
T04,119,119,,,,
T04,120,120,,,,
T04,121,121,,,,
T04,122,122,,,,
T04,123,123,,,,
T04,124,124,,,,
T04,125,125,,,,
T04,126,126,,,,
T04,127,127,,,,
T04,128,128,,,,
T04,129,129,,,,
T04,130,130,,,,
T04,131,131,,,,
T04,132,132,,,,
T04,133,133,,,,
T04,134,134,,,,
T04,135,135,,,,
T04,136,136,,,,
T04,137,137,,,,
T04,138,138,,,,
T04,139,139,,,,
T04,140,140,,,,
T04,141,141,,,,
T04,142,142,,,,
T04,143,143,,,,
T04,144,144,,,,
T04,145,145,,,,
T04,146,146,,,,
T04,147,147,,,,
T04,148,148,,,,
T04,149,149,,,,
T04,150,150,,,,
T04,151,151,,,,
T04,152,152,,,,
T04,153,153,,,,
T04,154,154,,,,
T04,155,155,,,,
T04,156,156,,,,
T04,157,157,,,,
T04,158,158,,,,
T04,159,159,,,,
T04,160,160,,,,
T04,161,161,,,,
T04,162,162,,,,
T04,163,163,,,,
T04,164,164,,,,
T04,165,165,,,,
T04,166,166,,,,
T04,167,167,,,,
T04,168,168,,,,
T04,169,169,,,,
T04,170,170,,,,
T04,171,171,,,,
T04,172,172,,,,
T04,173,173,,,,
T04,174,174,,,,
T04,175,175,,,,
T04,176,176,,,,
T04,177,177,,,,
T04,178,178,,,,
T04,179,179,,,,
T04,180,180,,,,
T04,181,181,,,,
T04,182,182,,,,
T04,183,183,,,,
T04,184,184,,,,
T04,185,185,,,,
T04,186,186,,,,
T04,187,187,,,,
T04,188,188,,,,
T04,189,189,,,,
T04,190,190,,,,
T04,191,191,,,,
T04,192,192,,,,
T04,193,193,,,,
T04,194,194,,,,
T04,195,195,,,,
T04,196,196,,,,
T04,197,197,,,,
T04,198,198,,,,
T04,199,199,,,,
T04,200,200,,,,
T04,201,201,,,,
T04,202,202,,,,
T04,203,203,,,,
T04,204,204,,,,
T04,205,205,,,,
T04,206,206,,,,
T04,207,207,,,,
T04,208,208,,,,
T04,209,209,,,,
T04,210,210,,,,
T04,211,211,,,,
T04,212,212,,,,
T04,213,213,,,,
T04,214,214,,,,
T04,215,215,,,,
T04,216,216,,,,
T04,217,217,,,,
T04,218,218,,,,
T04,219,219,,,,
T04,220,220,,,,
T04,221,221,,,,
T04,222,222,,,,
T04,223,223,,,,
T04,224,224,,,,
T04,225,225,,,,
T04,226,226,,,,
T04,227,227,,,,
T04,228,228,,,,
T04,229,229,,,,
T04,230,230,,,,
T04,231,231,,,,
T04,232,232,,,,
T04,233,233,,,,
T04,234,234,,,,
T04,235,235,,,,
T04,236,236,,,,
T04,237,237,,,,
T04,238,238,,,,
T04,239,239,,,,
T04,240,240,,,,
T04,241,241,,,,
T04,242,242,,,,
T04,243,243,,,,
T04,244,244,,,,
T04,245,245,,,,
T04,246,246,,,,
T04,247,247,,,,
T04,248,248,,,,
T04,249,249,,,,
T04,250,250,,,,
T04,251,251,,,,
T04,252,252,,,,
T04,253,253,,,,
T04,254,254,,,,
T04,255,255,,,,
T04,256,256,,,,
T04,257,257,,,,
T04,258,258,,,,
T04,259,259,,,,
T04,260,260,,,,
T04,261,261,,,,
T04,262,262,,,,
T04,263,263,,,,
T04,264,264,,,,
T04,265,265,,,,
T04,266,266,,,,
T04,267,267,,,,
T04,268,268,,,,
T04,269,269,,,,
T04,270,270,,,,
T04,271,271,,,,
T04,272,272,,,,
T04,273,273,,,,
T04,274,274,,,,
T04,275,275,,,,
T04,276,276,,,,
T04,277,277,,,,
T04,278,278,,,,
T04,279,279,,,,
T04,280,280,,,,
T04,281,281,,,,
T04,282,282,,,,
T04,283,283,,,,
T04,284,284,,,,
T04,285,285,,,,
T04,286,286,,,,
T04,287,287,,,,
T04,288,288,,,,
T04,289,289,,,,
T04,290,290,,,,
T04,291,291,,,,
T04,292,292,,,,
T04,293,293,,,,
T04,294,294,,,,
T04,295,295,,,,
T04,296,296,,,,
T04,297,297,,,,
T04,298,298,,,,
T04,299,299,,,,
T04,300,300,,,,
T04,301,301,,,,
T04,302,302,,,,
T04,303,303,,,,
T04,304,304,,,,
T04,305,305,,,,
T04,306,306,,,,
T04,307,307,,,,
T04,308,308,,,,
T04,309,309,,,,
T04,310,310,,,,
T04,311,311,,,,
T04,312,312,,,,
T04,313,313,,,,
T04,314,314,,,,
T04,315,315,,,,
T04,316,316,,,,
T04,317,317,,,,
T04,318,318,,,,
T04,319,319,,,,
T04,320,320,,,,
T04,321,321,,,,
T04,322,322,,,,
T04,323,323,,,,
T04,324,324,,,,
T04,325,325,,,,
T04,326,326,,,,
T04,327,327,,,,
T04,328,328,,,,
T04,329,329,,,,
T04,330,330,,,,
T04,331,331,,,,
T04,332,332,,,,
T04,333,333,,,,
T04,334,334,,,,
T04,335,335,,,,
T04,336,336,,,,
T04,337,337,,,,
T04,338,338,,,,
T04,339,339,,,,
T04,340,340,,,,
T04,341,341,,,,
T04,342,342,,,,
T04,343,343,,,,
T04,344,344,,,,
T04,345,345,,,,
T04,346,346,,,,
T04,347,347,,,,
T04,348,348,,,,
T04,349,349,,,,
T04,350,350,,,,
T04,351,351,,,,
T04,352,352,,,,
T04,353,353,,,,
T04,354,354,,,,
T04,355,355,,,,
T04,356,356,,,,
T04,357,357,,,,
T04,358,358,,,,
T04,359,359,,,,
T04,360,360,,,,
T04,361,361,,,,
T04,362,362,,,,
T04,363,363,,,,
T04,364,364,,,,
T04,365,365,,,,
T05,1,1,,,,
T05,2,2,,,,
T05,3,3,,,,
T05,4,4,,,,
T05,5,5,,,,
T05,6,6,,,,
T05,7,7,,,,
T05,8,8,,,,
T05,9,9,,,,
T05,10,10,,,,
T05,11,11,,,,
T05,12,12,,,,
T05,13,13,,,,
T05,14,14,,,,
T05,15,15,,,,
T05,16,16,,,,
T05,17,17,,,,
T05,18,18,,,,
T05,19,19,,,,
T05,20,20,,,,
T05,21,21,,,,
T05,22,22,,,,
T05,23,23,,,,
T05,24,24,,,,
T05,25,25,,,,
T05,26,26,,,,
T05,27,27,,,,
T05,28,28,,,,
T05,29,29,,,,
T05,30,30,,,,
T05,31,31,,,,
T05,32,32,,,,
T05,33,33,,,,
T05,34,34,,,,
T05,35,35,,,,
T05,36,36,,,,
T05,37,37,,,,
T05,38,38,,,,
T05,39,39,,,,
T05,40,40,,,,
T05,41,41,,,,
T05,42,42,,,,
T05,43,43,,,,
T05,44,44,,,,
T05,45,45,,,,
T05,46,46,,,,
T05,47,47,,,,
T05,48,48,,,,
T05,49,49,,,,
T05,50,50,,,,
T05,51,51,,,,
T05,52,52,,,,
T05,53,53,,,,
T05,54,54,,,,
T05,55,55,,,,
T05,56,56,,,,
T05,57,57,,,,
T05,58,58,,,,
T05,59,59,,,,
T05,60,60,,,,
T05,61,61,,,,
T05,62,62,,,,
T05,63,63,,,,
T05,64,64,,,,
T05,65,65,,,,
T05,66,66,,,,
T05,67,67,,,,
T05,68,68,,,,
T05,69,69,,,,
T05,70,70,,,,
T05,71,71,,,,
T05,72,72,,,,
T05,73,73,,,,
T05,74,74,,,,
T05,75,75,,,,
T05,76,76,,,,
T05,77,77,,,,
T05,78,78,,,,
T05,79,79,,,,
T05,80,80,,,,
T05,81,81,,,,
T05,82,82,,,,
T05,83,83,,,,
T05,84,84,,,,
T05,85,85,,,,
T05,86,86,,,,
T05,87,87,,,,
T05,88,88,,,,
T05,89,89,,,,
T05,90,90,,,,
T05,91,91,,,,
T05,92,92,,,,
T05,93,93,,,,
T05,94,94,,,,
T05,95,95,,,,
T05,96,96,,,,
T05,97,97,,,,
T05,98,98,,,,
T05,99,99,,,,
T05,100,100,,,,
T05,101,101,,,,
T05,102,102,,,,
T05,103,103,,,,
T05,104,104,,,,
T05,105,105,,,,
T05,106,106,,,,
T05,107,107,,,,
T05,108,108,,,,
T05,109,109,,,,
T05,110,110,,,,
T05,111,111,,,,
T05,112,112,,,,
T05,113,113,,,,
T05,114,114,,,,
T05,115,115,,,,
T05,116,116,,,,
T05,117,117,,,,
T05,118,118,,,,
T05,119,119,,,,
T05,120,120,,,,
T05,121,121,,,,
T05,122,122,,,,
T05,123,123,,,,
T05,124,124,,,,
T05,125,125,,,,
T05,126,126,,,,
T05,127,127,,,,
T05,128,128,,,,
T05,129,129,,,,
T05,130,130,,,,
T05,131,131,,,,
T05,132,132,,,,
T05,133,133,,,,
T05,134,134,,,,
T05,135,135,,,,
T05,136,136,,,,
T05,137,137,,,,
T05,138,138,,,,
T05,139,139,,,,
T05,140,140,,,,
T05,141,141,,,,
T05,142,142,,,,
T05,143,143,,,,
T05,144,144,,,,
T05,145,145,,,,
T05,146,146,,,,
T05,147,147,,,,
T05,148,148,,,,
T05,149,149,,,,
T05,150,150,,,,
T05,151,151,,,,
T05,152,152,,,,
T05,153,153,,,,
T05,154,154,,,,
T05,155,155,,,,
T05,156,156,,,,
T05,157,157,,,,
T05,158,158,,,,
T05,159,159,,,,
T05,160,160,,,,
T05,161,161,,,,
T05,162,162,,,,
T05,163,163,,,,
T05,164,164,,,,
T05,165,165,,,,
T05,166,166,,,,
T05,167,167,,,,
T05,168,168,,,,
T05,169,169,,,,
T05,170,170,,,,
T05,171,171,,,,
T05,172,172,,,,
T05,173,173,,,,
T05,174,174,,,,
T05,175,175,,,,
T05,176,176,,,,
T05,177,177,,,,
T05,178,178,,,,
T05,179,179,,,,
T05,180,180,,,,
T05,181,181,,,,
T05,182,182,,,,
T05,183,183,,,,
T05,184,184,,,,
T05,185,185,,,,
T05,186,186,,,,
T05,187,187,,,,
T05,188,188,,,,
T05,189,189,,,,
T05,190,190,,,,
T05,191,191,,,,
T05,192,192,,,,
T05,193,193,,,,
T05,194,194,,,,
T05,195,195,,,,
T05,196,196,,,,
T05,197,197,,,,
T05,198,198,,,,
T05,199,199,,,,
T05,200,200,,,,
T05,201,201,,,,
T05,202,202,,,,
T05,203,203,,,,
T05,204,204,,,,
T05,205,205,,,,
T05,206,206,,,,
T05,207,207,,,,
T05,208,208,,,,
T05,209,209,,,,
T05,210,210,,,,
T05,211,211,,,,
T05,212,212,,,,
T05,213,213,,,,
T05,214,214,,,,
T05,215,215,,,,
T05,216,216,,,,
T05,217,217,,,,
T05,218,218,,,,
T05,219,219,,,,
T05,220,220,,,,
T05,221,221,,,,
T05,222,222,,,,
T05,223,223,,,,
T05,224,224,,,,
T05,225,225,,,,
T05,226,226,,,,
T05,227,227,,,,
T05,228,228,,,,
T05,229,229,,,,
T05,230,230,,,,
T05,231,231,,,,
T05,232,232,,,,
T05,233,233,,,,
T05,234,234,,,,
T05,235,235,,,,
T05,236,236,,,,
T05,237,237,,,,
T05,238,238,,,,
T05,239,239,,,,
T05,240,240,,,,
T05,241,241,,,,
T05,242,242,,,,
T05,243,243,,,,
T05,244,244,,,,
T05,245,245,,,,
T05,246,246,,,,
T05,247,247,,,,
T05,248,248,,,,
T05,249,249,,,,
T05,250,250,,,,
T05,251,251,,,,
T05,252,252,,,,
T05,253,253,,,,
T05,254,254,,,,
T05,255,255,,,,
T05,256,256,,,,
T05,257,257,,,,
T05,258,258,,,,
T05,259,259,,,,
T05,260,260,,,,
T05,261,261,,,,
T05,262,262,,,,
T05,263,263,,,,
T05,264,264,,,,
T05,265,265,,,,
T05,266,266,,,,
T05,267,267,,,,
T05,268,268,,,,
T05,269,269,,,,
T05,270,270,,,,
T05,271,271,,,,
T05,272,272,,,,
T05,273,273,,,,
T05,274,274,,,,
T05,275,275,,,,
T05,276,276,,,,
T05,277,277,,,,
T05,278,278,,,,
T05,279,279,,,,
T05,280,280,,,,
T05,281,281,,,,
T05,282,282,,,,
T05,283,283,,,,
T05,284,284,,,,
T05,285,285,,,,
T05,286,286,,,,
T05,287,287,,,,
T05,288,288,,,,
T05,289,289,,,,
T05,290,290,,,,
T05,291,291,,,,
T05,292,292,,,,
T05,293,293,,,,
T05,294,294,,,,
T05,295,295,,,,
T05,296,296,,,,
T05,297,297,,,,
T05,298,298,,,,
T05,299,299,,,,
T05,300,300,,,,
T05,301,301,,,,
T05,302,302,,,,
T05,303,303,,,,
T05,304,304,,,,
T05,305,305,,,,
T05,306,306,,,,
T05,307,307,,,,
T05,308,308,,,,
T05,309,309,,,,
T05,310,310,,,,
T05,311,311,,,,
T05,312,312,,,,
T05,313,313,,,,
T05,314,314,,,,
T05,315,315,,,,
T05,316,316,,,,
T05,317,317,,,,
T05,318,318,,,,
T05,319,319,,,,
T05,320,320,,,,
T05,321,321,,,,
T05,322,322,,,,
T05,323,323,,,,
T05,324,324,,,,
T05,325,325,,,,
T05,326,326,,,,
T05,327,327,,,,
T05,328,328,,,,
T05,329,329,,,,
T05,330,330,,,,
T05,331,331,,,,
T05,332,332,,,,
T05,333,333,,,,
T05,334,334,,,,
T05,335,335,,,,
T05,336,336,,,,
T05,337,337,,,,
T05,338,338,,,,
T05,339,339,,,,
T05,340,340,,,,
T05,341,341,,,,
T05,342,342,,,,
T05,343,343,,,,
T05,344,344,,,,
T05,345,345,,,,
T05,346,346,,,,
T05,347,347,,,,
T05,348,348,,,,
T05,349,349,,,,
T05,350,350,,,,
T05,351,351,,,,
T05,352,352,,,,
T05,353,353,,,,
T05,354,354,,,,
T05,355,355,,,,
T05,356,356,,,,
T05,357,357,,,,
T05,358,358,,,,
T05,359,359,,,,
T05,360,360,,,,
T05,361,361,,,,
T05,362,362,,,,
T05,363,363,,,,
T05,364,364,,,,
T05,365,365,,,,
T06,1,1,,,,
T06,2,2,,,,
T06,3,3,,,,
T06,4,4,,,,
T06,5,5,,,,
T06,6,6,,,,
T06,7,7,,,,
T06,8,8,,,,
T06,9,9,,,,
T06,10,10,,,,
T06,11,11,,,,
T06,12,12,,,,
T06,13,13,,,,
T06,14,14,,,,
T06,15,15,,,,
T06,16,16,,,,
T06,17,17,,,,
T06,18,18,,,,
T06,19,19,,,,
T06,20,20,,,,
T06,21,21,,,,
T06,22,22,,,,
T06,23,23,,,,
T06,24,24,,,,
T06,25,25,,,,
T06,26,26,,,,
T06,27,27,,,,
T06,28,28,,,,
T06,29,29,,,,
T06,30,30,,,,
T06,31,31,,,,
T06,32,32,,,,
T06,33,33,,,,
T06,34,34,,,,
T06,35,35,,,,
T06,36,36,,,,
T06,37,37,,,,
T06,38,38,,,,
T06,39,39,,,,
T06,40,40,,,,
T06,41,41,,,,
T06,42,42,,,,
T06,43,43,,,,
T06,44,44,,,,
T06,45,45,,,,
T06,46,46,,,,
T06,47,47,,,,
T06,48,48,,,,
T06,49,49,,,,
T06,50,50,,,,
T06,51,51,,,,
T06,52,52,,,,
T06,53,53,,,,
T06,54,54,,,,
T06,55,55,,,,
T06,56,56,,,,
T06,57,57,,,,
T06,58,58,,,,
T06,59,59,,,,
T06,60,60,,,,
T06,61,61,,,,
T06,62,62,,,,
T06,63,63,,,,
T06,64,64,,,,
T06,65,65,,,,
T06,66,66,,,,
T06,67,67,,,,
T06,68,68,,,,
T06,69,69,,,,
T06,70,70,,,,
T06,71,71,,,,
T06,72,72,,,,
T06,73,73,,,,
T06,74,74,,,,
T06,75,75,,,,
T06,76,76,,,,
T06,77,77,,,,
T06,78,78,,,,
T06,79,79,,,,
T06,80,80,,,,
T06,81,81,,,,
T06,82,82,,,,
T06,83,83,,,,
T06,84,84,,,,
T06,85,85,,,,
T06,86,86,,,,
T06,87,87,,,,
T06,88,88,,,,
T06,89,89,,,,
T06,90,90,,,,
T06,91,91,,,,
T06,92,92,,,,
T06,93,93,,,,
T06,94,94,,,,
T06,95,95,,,,
T06,96,96,,,,
T06,97,97,,,,
T06,98,98,,,,
T06,99,99,,,,
T06,100,100,,,,
T06,101,101,,,,
T06,102,102,,,,
T06,103,103,,,,
T06,104,104,,,,
T06,105,105,,,,
T06,106,106,,,,
T06,107,107,,,,
T06,108,108,,,,
T06,109,109,,,,
T06,110,110,,,,
T06,111,111,,,,
T06,112,112,,,,
T06,113,113,,,,
T06,114,114,,,,
T06,115,115,,,,
T06,116,116,,,,
T06,117,117,,,,
T06,118,118,,,,
T06,119,119,,,,
T06,120,120,,,,
T06,121,121,,,,
T06,122,122,,,,
T06,123,123,,,,
T06,124,124,,,,
T06,125,125,,,,
T06,126,126,,,,
T06,127,127,,,,
T06,128,128,,,,
T06,129,129,,,,
T06,130,130,,,,
T06,131,131,,,,
T06,132,132,,,,
T06,133,133,,,,
T06,134,134,,,,
T06,135,135,,,,
T06,136,136,,,,
T06,137,137,,,,
T06,138,138,,,,
T06,139,139,,,,
T06,140,140,,,,
T06,141,141,,,,
T06,142,142,,,,
T06,143,143,,,,
T06,144,144,,,,
T06,145,145,,,,
T06,146,146,,,,
T06,147,147,,,,
T06,148,148,,,,
T06,149,149,,,,
T06,150,150,,,,
T06,151,151,,,,
T06,152,152,,,,
T06,153,153,,,,
T06,154,154,,,,
T06,155,155,,,,
T06,156,156,,,,
T06,157,157,,,,
T06,158,158,,,,
T06,159,159,,,,
T06,160,160,,,,
T06,161,161,,,,
T06,162,162,,,,
T06,163,163,,,,
T06,164,164,,,,
T06,165,165,,,,
T06,166,166,,,,
T06,167,167,,,,
T06,168,168,,,,
T06,169,169,,,,
T06,170,170,,,,
T06,171,171,,,,
T06,172,172,,,,
T06,173,173,,,,
T06,174,174,,,,
T06,175,175,,,,
T06,176,176,,,,
T06,177,177,,,,
T06,178,178,,,,
T06,179,179,,,,
T06,180,180,,,,
T06,181,181,,,,
T06,182,182,,,,
T06,183,183,,,,
T06,184,184,,,,
T06,185,185,,,,
T06,186,186,,,,
T06,187,187,,,,
T06,188,188,,,,
T06,189,189,,,,
T06,190,190,,,,
T06,191,191,,,,
T06,192,192,,,,
T06,193,193,,,,
T06,194,194,,,,
T06,195,195,,,,
T06,196,196,,,,
T06,197,197,,,,
T06,198,198,,,,
T06,199,199,,,,
T06,200,200,,,,
T06,201,201,,,,
T06,202,202,,,,
T06,203,203,,,,
T06,204,204,,,,
T06,205,205,,,,
T06,206,206,,,,
T06,207,207,,,,
T06,208,208,,,,
T06,209,209,,,,
T06,210,210,,,,
T06,211,211,,,,
T06,212,212,,,,
T06,213,213,,,,
T06,214,214,,,,
T06,215,215,,,,
T06,216,216,,,,
T06,217,217,,,,
T06,218,218,,,,
T06,219,219,,,,
T06,220,220,,,,
T06,221,221,,,,
T06,222,222,,,,
T06,223,223,,,,
T06,224,224,,,,
T06,225,225,,,,
T06,226,226,,,,
T06,227,227,,,,
T06,228,228,,,,
T06,229,229,,,,
T06,230,230,,,,
T06,231,231,,,,
T06,232,232,,,,
T06,233,233,,,,
T06,234,234,,,,
T06,235,235,,,,
T06,236,236,,,,
T06,237,237,,,,
T06,238,238,,,,
T06,239,239,,,,
T06,240,240,,,,
T06,241,241,,,,
T06,242,242,,,,
T06,243,243,,,,
T06,244,244,,,,
T06,245,245,,,,
T06,246,246,,,,
T06,247,247,,,,
T06,248,248,,,,
T06,249,249,,,,
T06,250,250,,,,
T06,251,251,,,,
T06,252,252,,,,
T06,253,253,,,,
T06,254,254,,,,
T06,255,255,,,,
T06,256,256,,,,
T06,257,257,,,,
T06,258,258,,,,
T06,259,259,,,,
T06,260,260,,,,
T06,261,261,,,,
T06,262,262,,,,
T06,263,263,,,,
T06,264,264,,,,
T06,265,265,,,,
T06,266,266,,,,
T06,267,267,,,,
T06,268,268,,,,
T06,269,269,,,,
T06,270,270,,,,
T06,271,271,,,,
T06,272,272,,,,
T06,273,273,,,,
T06,274,274,,,,
T06,275,275,,,,
T06,276,276,,,,
T06,277,277,,,,
T06,278,278,,,,
T06,279,279,,,,
T06,280,280,,,,
T06,281,281,,,,
T06,282,282,,,,
T06,283,283,,,,
T06,284,284,,,,
T06,285,285,,,,
T06,286,286,,,,
T06,287,287,,,,
T06,288,288,,,,
T06,289,289,,,,
T06,290,290,,,,
T06,291,291,,,,
T06,292,292,,,,
T06,293,293,,,,
T06,294,294,,,,
T06,295,295,,,,
T06,296,296,,,,
T06,297,297,,,,
T06,298,298,,,,
T06,299,299,,,,
T06,300,300,,,,
T06,301,301,,,,
T06,302,302,,,,
T06,303,303,,,,
T06,304,304,,,,
T06,305,305,,,,
T06,306,306,,,,
T06,307,307,,,,
T06,308,308,,,,
T06,309,309,,,,
T06,310,310,,,,
T06,311,311,,,,
T06,312,312,,,,
T06,313,313,,,,
T06,314,314,,,,
T06,315,315,,,,
T06,316,316,,,,
T06,317,317,,,,
T06,318,318,,,,
T06,319,319,,,,
T06,320,320,,,,
T06,321,321,,,,
T06,322,322,,,,
T06,323,323,,,,
T06,324,324,,,,
T06,325,325,,,,
T06,326,326,,,,
T06,327,327,,,,
T06,328,328,,,,
T06,329,329,,,,
T06,330,330,,,,
T06,331,331,,,,
T06,332,332,,,,
T06,333,333,,,,
T06,334,334,,,,
T06,335,335,,,,
T06,336,336,,,,
T06,337,337,,,,
T06,338,338,,,,
T06,339,339,,,,
T06,340,340,,,,
T06,341,341,,,,
T06,342,342,,,,
T06,343,343,,,,
T06,344,344,,,,
T06,345,345,,,,
T06,346,346,,,,
T06,347,347,,,,
T06,348,348,,,,
T06,349,349,,,,
T06,350,350,,,,
T06,351,351,,,,
T06,352,352,,,,
T06,353,353,,,,
T06,354,354,,,,
T06,355,355,,,,
T06,356,356,,,,
T06,357,357,,,,
T06,358,358,,,,
T06,359,359,,,,
T06,360,360,,,,
T06,361,361,,,,
T06,362,362,,,,
T06,363,363,,,,
T06,364,364,,,,
T06,365,365,,,,
T07,1,7,,,,
T07,2,14,,,,
T07,3,21,,,,
T07,4,28,,,,
T07,5,35,,,,
T07,6,42,,,,
T07,7,49,,,,
T07,8,56,,,,
T07,9,63,,,,
T07,10,70,,,,
T07,11,77,,,,
T07,12,84,,,,
T07,13,91,,,,
T07,14,98,,,,
T07,15,105,,,,
T07,16,112,,,,
T07,17,119,,,,
T07,18,126,,,,
T07,19,133,,,,
T07,20,140,,,,
T07,21,147,,,,
T07,22,154,,,,
T07,23,161,,,,
T07,24,168,,,,
T07,25,175,,,,
T07,26,182,,,,
T07,27,189,,,,
T07,28,196,,,,
T07,29,203,,,,
T07,30,210,,,,
T07,31,217,,,,
T07,32,224,,,,
T07,33,231,,,,
T07,34,238,,,,
T07,35,245,,,,
T07,36,252,,,,
T07,37,259,,,,
T07,38,266,,,,
T07,39,273,,,,
T07,40,280,,,,
T07,41,287,,,,
T07,42,294,,,,
T07,43,301,,,,
T07,44,308,,,,
T07,45,315,,,,
T07,46,322,,,,
T07,47,329,,,,
T07,48,336,,,,
T07,49,343,,,,
T07,50,350,,,,
T07,51,357,,,,
T07,52,364,,,,
T08,1,7,,,,
T08,2,14,,,,
T08,3,21,,,,
T08,4,28,,,,
T08,5,35,,,,
T08,6,42,,,,
T08,7,49,,,,
T08,8,56,,,,
T08,9,63,,,,
T08,10,70,,,,
T08,11,77,,,,
T08,12,84,,,,
T08,13,91,,,,
T08,14,98,,,,
T08,15,105,,,,
T08,16,112,,,,
T08,17,119,,,,
T08,18,126,,,,
T08,19,133,,,,
T08,20,140,,,,
T08,21,147,,,,
T08,22,154,,,,
T08,23,161,,,,
T08,24,168,,,,
T08,25,175,,,,
T08,26,182,,,,
T08,27,189,,,,
T08,28,196,,,,
T08,29,203,,,,
T08,30,210,,,,
T08,31,217,,,,
T08,32,224,,,,
T08,33,231,,,,
T08,34,238,,,,
T08,35,245,,,,
T08,36,252,,,,
T08,37,259,,,,
T08,38,266,,,,
T08,39,273,,,,
T08,40,280,,,,
T08,41,287,,,,
T08,42,294,,,,
T08,43,301,,,,
T08,44,308,,,,
T08,45,315,,,,
T08,46,322,,,,
T08,47,329,,,,
T08,48,336,,,,
T08,49,343,,,,
T08,50,350,,,,
T08,51,357,,,,
T08,52,364,,,,
T09,1,7,,,,
T09,2,14,,,,
T09,3,21,,,,
T09,4,28,,,,
T09,5,35,,,,
T09,6,42,,,,
T09,7,49,,,,
T09,8,56,,,,
T09,9,63,,,,
T09,10,70,,,,
T09,11,77,,,,
T09,12,84,,,,
T09,13,91,,,,
T09,14,98,,,,
T09,15,105,,,,
T09,16,112,,,,
T09,17,119,,,,
T09,18,126,,,,
T09,19,133,,,,
T09,20,140,,,,
T09,21,147,,,,
T09,22,154,,,,
T09,23,161,,,,
T09,24,168,,,,
T09,25,175,,,,
T09,26,182,,,,
T09,27,189,,,,
T09,28,196,,,,
T09,29,203,,,,
T09,30,210,,,,
T09,31,217,,,,
T09,32,224,,,,
T09,33,231,,,,
T09,34,238,,,,
T09,35,245,,,,
T09,36,252,,,,
T09,37,259,,,,
T09,38,266,,,,
T09,39,273,,,,
T09,40,280,,,,
T09,41,287,,,,
T09,42,294,,,,
T09,43,301,,,,
T09,44,308,,,,
T09,45,315,,,,
T09,46,322,,,,
T09,47,329,,,,
T09,48,336,,,,
T09,49,343,,,,
T09,50,350,,,,
T09,51,357,,,,
T09,52,364,,,,
T10,1,7,,,,
T10,2,14,,,,
T10,3,21,,,,
T10,4,28,,,,
T10,5,35,,,,
T10,6,42,,,,
T10,7,49,,,,
T10,8,56,,,,
T10,9,63,,,,
T10,10,70,,,,
T10,11,77,,,,
T10,12,84,,,,
T10,13,91,,,,
T10,14,98,,,,
T10,15,105,,,,
T10,16,112,,,,
T10,17,119,,,,
T10,18,126,,,,
T10,19,133,,,,
T10,20,140,,,,
T10,21,147,,,,
T10,22,154,,,,
T10,23,161,,,,
T10,24,168,,,,
T10,25,175,,,,
T10,26,182,,,,
T10,27,189,,,,
T10,28,196,,,,
T10,29,203,,,,
T10,30,210,,,,
T10,31,217,,,,
T10,32,224,,,,
T10,33,231,,,,
T10,34,238,,,,
T10,35,245,,,,
T10,36,252,,,,
T10,37,259,,,,
T10,38,266,,,,
T10,39,273,,,,
T10,40,280,,,,
T10,41,287,,,,
T10,42,294,,,,
T10,43,301,,,,
T10,44,308,,,,
T10,45,315,,,,
T10,46,322,,,,
T10,47,329,,,,
T10,48,336,,,,
T10,49,343,,,,
T10,50,350,,,,
T10,51,357,,,,
T10,52,364,,,,
T11,1,7,,,,
T11,2,14,,,,
T11,3,21,,,,
T11,4,28,,,,
T11,5,35,,,,
T11,6,42,,,,
T11,7,49,,,,
T11,8,56,,,,
T11,9,63,,,,
T11,10,70,,,,
T11,11,77,,,,
T11,12,84,,,,
T11,13,91,,,,
T11,14,98,,,,
T11,15,105,,,,
T11,16,112,,,,
T11,17,119,,,,
T11,18,126,,,,
T11,19,133,,,,
T11,20,140,,,,
T11,21,147,,,,
T11,22,154,,,,
T11,23,161,,,,
T11,24,168,,,,
T11,25,175,,,,
T11,26,182,,,,
T11,27,189,,,,
T11,28,196,,,,
T11,29,203,,,,
T11,30,210,,,,
T11,31,217,,,,
T11,32,224,,,,
T11,33,231,,,,
T11,34,238,,,,
T11,35,245,,,,
T11,36,252,,,,
T11,37,259,,,,
T11,38,266,,,,
T11,39,273,,,,
T11,40,280,,,,
T11,41,287,,,,
T11,42,294,,,,
T11,43,301,,,,
T11,44,308,,,,
T11,45,315,,,,
T11,46,322,,,,
T11,47,329,,,,
T11,48,336,,,,
T11,49,343,,,,
T11,50,350,,,,
T11,51,357,,,,
T11,52,364,,,,
T12,1,7,,,,
T12,2,14,,,,
T12,3,21,,,,
T12,4,28,,,,
T12,5,35,,,,
T12,6,42,,,,
T12,7,49,,,,
T12,8,56,,,,
T12,9,63,,,,
T12,10,70,,,,
T12,11,77,,,,
T12,12,84,,,,
T12,13,91,,,,
T12,14,98,,,,
T12,15,105,,,,
T12,16,112,,,,
T12,17,119,,,,
T12,18,126,,,,
T12,19,133,,,,
T12,20,140,,,,
T12,21,147,,,,
T12,22,154,,,,
T12,23,161,,,,
T12,24,168,,,,
T12,25,175,,,,
T12,26,182,,,,
T12,27,189,,,,
T12,28,196,,,,
T12,29,203,,,,
T12,30,210,,,,
T12,31,217,,,,
T12,32,224,,,,
T12,33,231,,,,
T12,34,238,,,,
T12,35,245,,,,
T12,36,252,,,,
T12,37,259,,,,
T12,38,266,,,,
T12,39,273,,,,
T12,40,280,,,,
T12,41,287,,,,
T12,42,294,,,,
T12,43,301,,,,
T12,44,308,,,,
T12,45,315,,,,
T12,46,322,,,,
T12,47,329,,,,
T12,48,336,,,,
T12,49,343,,,,
T12,50,350,,,,
T12,51,357,,,,
T12,52,364,,,,
T13,1,30,,,,
T13,2,60,,,,
T13,3,90,,,,
T13,4,120,,,,
T13,5,150,,,,
T13,6,180,,,,
T13,7,210,,,,
T13,8,240,,,,
T13,9,270,,,,
T13,10,300,,,,
T13,11,330,,,,
T13,12,360,,,,
T14,1,30,,,,
T14,2,60,,,,
T14,3,90,,,,
T14,4,120,,,,
T14,5,150,,,,
T14,6,180,,,,
T14,7,210,,,,
T14,8,240,,,,
T14,9,270,,,,
T14,10,300,,,,
T14,11,330,,,,
T14,12,360,,,,
T15,1,30,,,,
T15,2,60,,,,
T15,3,90,,,,
T15,4,120,,,,
T15,5,150,,,,
T15,6,180,,,,
T15,7,210,,,,
T15,8,240,,,,
T15,9,270,,,,
T15,10,300,,,,
T15,11,330,,,,
T15,12,360,,,,
T16,1,30,,,,
T16,2,60,,,,
T16,3,90,,,,
T16,4,120,,,,
T16,5,150,,,,
T16,6,180,,,,
T16,7,210,,,,
T16,8,240,,,,
T16,9,270,,,,
T16,10,300,,,,
T16,11,330,,,,
T16,12,360,,,,
T17,1,30,,,,
T17,2,60,,,,
T17,3,90,,,,
T17,4,120,,,,
T17,5,150,,,,
T17,6,180,,,,
T17,7,210,,,,
T17,8,240,,,,
T17,9,270,,,,
T17,10,300,,,,
T17,11,330,,,,
T17,12,360,,,,
T18,1,30,,,,
T18,2,60,,,,
T18,3,90,,,,
T18,4,120,,,,
T18,5,150,,,,
T18,6,180,,,,
T18,7,210,,,,
T18,8,240,,,,
T18,9,270,,,,
T18,10,300,,,,
T18,11,330,,,,
T18,12,360,,,,
